"","baseMean","log2FoldChange","lfcSE","stat","pvalue","padj"
"ABCA17P",48.5360967319678,-1.86153948667767,0.37940055787132,-4.90652806923136,9.27027273713476e-07,6.85448540774065e-06
"AC007000.2",31.0842402765789,-1.11796513291302,0.32086330545186,-3.48424115165998,0.000493534591335087,0.00232269004670356
"AC008267.5",60.5588657004526,-1.13379426380303,0.333694940251306,-3.3976968992972,0.000679556656581469,0.00310702390572519
"AC008555.7",14.9118375887678,-1.41196459457198,0.540088285646772,-2.61432182866383,0.0089404777606191,0.0308371361211378
"AC008894.3",25.4719601837761,-1.45671382613288,0.567344710915522,-2.56759920046173,0.0102405483750746,0.0345728785267182
"AC009086.2",12.7297890037117,-4.79819696650233,0.951501164648313,-5.04276520594255,4.58852147786738e-07,3.57025164856745e-06
"AC009275.1",158.483537710353,-1.9058531523075,0.787375069935114,-2.42051498082681,0.0154985406747829,0.0492175879493104
"AC010328.3",19.7835830702568,-1.55614722309127,0.456736259901695,-3.40710243462212,0.000656564812596845,0.00300865251879886
"AC010336.2",43.4559565765214,-1.42222859875909,0.529840359801773,-2.68425870632275,0.00726908334166997,0.0257213718243706
"AC010536.1",57.3445697305421,-1.06412031463868,0.3837675509928,-2.77282514346463,0.00555719723057819,0.0202983626393121
"AC010976.1",8.95454458911762,-3.23604806355869,1.13779304242202,-2.84414471077281,0.00445308181075546,0.0167302546348774
"AC015712.5",211.806720073836,-1.34331943847306,0.279928880557057,-4.79878830580061,1.59628403880908e-06,1.13675101777674e-05
"AC015911.4",7.34493137018809,-1.81297848457095,0.673793016769549,-2.69070536418312,0.00713011353491271,0.0252823131398036
"AC019129.1",28.9305716691866,-1.79746350894721,0.672077300869011,-2.67448923899535,0.00748431781324789,0.0263821879256816
"AC022296.3",3.80800733302733,-3.27682541200796,1.31326250248981,-2.49517930025066,0.0125893497988305,0.0411989353140464
"AC022415.2",20.7340819349868,-1.25962947141746,0.454234875418798,-2.77307961053431,0.00555285343875673,0.0202897700152384
"AC022540.1",20.2702021284958,-2.07298644663361,0.649234422943111,-3.19297063337514,0.00140817266582282,0.00596957407616756
"AC024592.3",30.6484598751737,-3.16418361176614,0.974921801299158,-3.24557683246966,0.00117212930070095,0.00507680495835769
"AC027031.2",1134.24359544736,-1.0795795457733,0.150124619424415,-7.191222531737,6.42137220862669e-13,9.57240108759289e-12
"AC027228.2",288.408211121314,-2.96904195119672,0.565758408353107,-5.24789717193853,1.53845121540054e-07,1.26566648637191e-06
"AC067838.1",22.6195123690667,-1.3609826106379,0.548393300009447,-2.48176374622822,0.0130733921402387,0.0425778464174179
"AC068631.1",140.553241328004,-1.39313959320442,0.195689386760314,-7.11913720139955,1.08604759551768e-12,1.58762395275892e-11
"AC069281.2",65.762220257928,-1.05210046163792,0.389653704528924,-2.70009100236804,0.0069320511795849,0.0246443368697804
"AC073130.3",411.46888276293,-5.18503457469098,1.115664553097,-4.64748526812806,3.36006081883413e-06,2.29846657825451e-05
"AC079328.1",13.3370619407374,-1.54622311638293,0.5044132322679,-3.0653896794716,0.00217386559041498,0.00886157891607853
"AC079834.2",13.0992136312561,-1.76143459277641,0.696166782451893,-2.53019051924979,0.0114000605869772,0.0378170982649228
"AC079921.1",11.1567952683732,-4.47739211239784,1.73321652071081,-2.58328492654894,0.00978644635203153,0.033204829131152
"AC084125.2",40.0987314342949,-4.29102849766764,1.55020437651733,-2.76804050012284,0.00563944471207184,0.0205582476462612
"AC087071.2",7.12226224340813,-1.78056234174413,0.639353950505601,-2.7849399230834,0.00535376414550605,0.0196645648444705
"AC087289.3",285.760940611364,-1.36544582993808,0.281568235885153,-4.8494313488366,1.2381591137201e-06,8.95676479211506e-06
"AC087289.5",478.519108102182,-2.77237895386183,0.783497307548767,-3.53846647225303,0.000402458387622174,0.00193929936698148
"AC087588.2",5.63492767288568,-3.47305993053728,1.34949026839404,-2.57360872610841,0.010064401913836,0.0340547795386778
"AC087632.2",14.1295554777001,-1.32862709296667,0.530009308156786,-2.50679954581787,0.0121829780700217,0.0400426979211132
"AC089999.3",10.019029604671,-2.08314573433292,0.605752096582754,-3.43894102238297,0.000583994447020668,0.00270537642797706
"AC093700.2",10.5553519440472,-1.48685154717344,0.513219313310928,-2.89710754956068,0.00376620618855388,0.0144019046181931
"AC093809.1",8.01381354301103,-1.58467970134024,0.577301427018694,-2.74497797367982,0.00605149591888769,0.0218997307467756
"AC100854.1",7.51801143359681,-1.44615982402269,0.597933773029577,-2.41859531816604,0.0155805629274179,0.0494222971842672
"AC104024.2",112.244211868784,-1.07990578880814,0.20086139921159,-5.37637292703785,7.60012936370515e-08,6.52107099678246e-07
"AC104581.4",286.253938078693,-1.63693932338898,0.645817447777303,-2.53467807198892,0.0112550706639144,0.0374336265691608
"AC104794.3",31.3014082361229,-1.44166326918221,0.38852300145385,-3.7106252751768,0.000206747952699496,0.00105750747492729
"AC106820.2",11.4653378135939,-1.93124788828948,0.79124978146617,-2.44075629911824,0.0146565416324421,0.0469165889704532
"AC107373.2",8.4627333421102,-2.29549615759869,0.645479538884725,-3.55626479123553,0.000376164950557634,0.00182859956165636
"AC107954.1",23.8023515144905,-1.89941221608093,0.573047748094027,-3.31457932152849,0.00091781135502702,0.00408009594082474
"AC113398.1",20.0160320910026,-1.13306413124572,0.405417823264612,-2.79480591682369,0.00519308815573397,0.0191434063743753
"AC125611.2",21.27229302108,-1.28040780586164,0.495426266507827,-2.58445684538895,0.00975325091880288,0.0331570536438316
"AC145207.5",147.618707659168,-1.75364931897748,0.530448732196446,-3.30597324969764,0.000946471230970474,0.00419925772800268
"AC145285.6",246.301179103114,-3.50810304706806,0.618717080603382,-5.66996314963037,1.42828236835412e-08,1.34312589304662e-07
"AC242842.3",261.779738762201,-1.85722403241735,0.636282890687832,-2.91886527140414,0.00351308022738862,0.0135227708488336
"AC253572.1",128.536460822232,-2.25541638969143,0.343052210089198,-6.57455723461157,4.87981570286946e-11,5.99764079572219e-10
"AC270277.1",19.9519798458485,-2.44762230332633,0.964671135032052,-2.53726084925824,0.0111723673093516,0.0372010622597986
"ACTBP7",20.1797158197279,-1.89120656823687,0.69149469425888,-2.73495456138502,0.00623888876222496,0.0224622040983428
"ADAMTS1",5214.98191320773,-1.74632754457001,0.0742267851912562,-23.5269187540635,2.16342620967131e-122,2.2043149650341e-119
"ADAMTS15",1053.11020254352,-1.13975414004854,0.188946985389407,-6.03213720345731,1.61805305411547e-09,1.69525373453805e-08
"ADGRL2",3479.59831194138,-1.1406751602989,0.0616629358747268,-18.4985541819849,2.12087444311206e-76,6.26364918865761e-74
"ADNP",5638.46263055591,-1.350951888854,0.17502320134435,-7.7187017405542,1.17520540378514e-14,2.07524572949164e-13
"AL022718.1",13.870828744891,-1.30702210152723,0.470524523911299,-2.77779804262364,0.00547286225989829,0.0200334088615425
"AL049569.1",367.559877030883,-2.48498272422064,0.809513083272489,-3.06972521577415,0.00214255797152688,0.00874927232696752
"AL049629.2",1756.71697624101,-1.4641652174348,0.509690765974478,-2.8726539995981,0.00407039640451672,0.015434785621742
"AL050403.2",71.4942514185688,-2.63416589332903,0.901207351024108,-2.92292987882936,0.00346754596997978,0.0133727577169281
"AL121603.2",137.613679474317,-1.95932941154348,0.753184659829422,-2.60139314572235,0.00928459840868582,0.0318092714142905
"AL121749.2",360.769206913474,-1.54413457941889,0.594650860059143,-2.59670788883634,0.00941219302017352,0.0321922909306975
"AL139353.1",258.105478847838,-1.55892082771408,0.390339992051741,-3.9937512411166,6.50360961164733e-05,0.000363296482089225
"AL158151.4",15.3107220976046,-1.3389029962882,0.492421729799666,-2.71901688179543,0.00654762662444158,0.0234866282965799
"AL365440.1",139.834053184447,-1.81688397036036,0.477049967135523,-3.80858210989922,0.000139765935706775,0.000737480641593127
"AL450322.2",96.2620527893071,-3.14748179367853,0.354536279239169,-8.87774249911178,6.8230968176439e-19,1.76897031742936e-17
"AL590822.2",30.1796832916711,-3.44861245482325,1.40692760667599,-2.45116553151655,0.0142394453180925,0.0458189510014352
"AL592293.2",33.110283339589,-2.95470015294211,0.976271111619523,-3.0265160136108,0.00247389716686526,0.00993948668501187
"AL662854.2",233.377160196803,-1.95402712695175,0.652276328961046,-2.99570448932916,0.0027381164280933,0.0108766737956501
"AMIGO2",2561.46309628619,-1.56385560702482,0.156893999504287,-9.96759348328099,2.11286125688308e-23,7.47498032860475e-22
"AMT",20.4587308965697,-1.23679773207694,0.433042750263394,-2.8560638212386,0.0042892890524367,0.0161775184731732
"ANGPTL4",855.03917260018,-1.29676859658514,0.258723775619792,-5.01217405891143,5.38184874753046e-07,4.15579059405744e-06
"ANKMY2",1086.41772858244,-1.0029224300242,0.137433890570756,-7.29748991212517,2.93185703454687e-13,4.54337510646358e-12
"ANKRD42",742.95050773554,-1.36523304313758,0.130844072646803,-10.4340457731154,1.73346605698982e-25,7.03676719309533e-24
"ANKRD9",1702.9741489682,-1.02760087144333,0.222006407132363,-4.62869916556355,3.67969861647089e-06,2.50116405625229e-05
"AOX1",1453.03554680524,-1.91132937591143,0.728742994531818,-2.62277564278936,0.00872166851161147,0.0301595385931815
"AP002761.4",87.0102433081723,-2.67620256157692,1.10067491274847,-2.43141960498967,0.0150397856226145,0.0479908591721766
"ARHGAP29-AS1",535.780903928329,-2.20698615618429,0.173845263747636,-12.6951181102528,6.29349334220233e-37,4.6635929937236e-35
"ATP1B1",2809.06303874861,-1.25958893992658,0.145959265941653,-8.62972920424317,6.14973975943095e-18,1.48482697651284e-16
"AXIN1",2621.7761334678,-2.00214620679869,0.268522646154147,-7.45615401707813,8.90846033446117e-14,1.45578672570689e-12
"B4GALT2",2208.24704911149,-1.11494242594789,0.295517914959313,-3.77284208336878,0.000161398450420144,0.000842032161459725
"BACE1-AS",12.5647004522447,-4.66196601173071,1.67876479511399,-2.77702154899796,0.00548595417226041,0.0200741199716866
"BCL3",1296.36803637081,-1.01286333685979,0.0967475377399946,-10.4691381353996,1.19728091085175e-25,4.90909263608388e-24
"BDH2",176.873632850658,-1.04594663831544,0.254423736718513,-4.11104188550082,3.93877733380685e-05,0.000227847758097342
"BSCL2",379.851296108963,-1.64578752737762,0.316934243472796,-5.19283593134006,2.07114694746177e-07,1.67483462283238e-06
"BX255925.3",253.11824490301,-2.01332907709931,0.507303310187471,-3.968689020293,7.22691203178569e-05,0.00040008153595145
"C1QL1",352.525471147682,-1.04634580552042,0.387286971985699,-2.70173251673195,0.00689792305968193,0.0245444169914787
"C1QL4",278.21597733821,-1.25654919293599,0.244873209780973,-5.13142778689393,2.87552544516478e-07,2.29613861761629e-06
"C2orf27A_KI270768.1_25382_71290",33.7978808539832,-2.15738101912717,0.878497514370503,-2.45576223476633,0.0140586139020278,0.0453588401037877
"C5orf66",551.044252241173,-1.72341657099402,0.46418077504653,-3.7128133340319,0.000204968063419256,0.00104998471502202
"C9orf116",296.488453208962,-1.26578015436143,0.184851707289604,-6.84754375775579,7.51287162861711e-12,1.00655685764602e-10
"CACNG8",235.765621199199,-2.10298177184186,0.596696869116458,-3.52437205671246,0.000424487756624395,0.00203199706471504
"CAMTA2",74.0977760565809,-3.38731998438513,1.3115651145678,-2.58265483486984,0.00980433573434542,0.0332544529950884
"CARNMT1",2454.48572920045,-1.38521973349492,0.0962225905761238,-14.3959929284906,5.48317093616072e-47,6.45873163798168e-45
"CASP6",527.174072126714,-1.05733413339286,0.181834840565797,-5.81480496313503,6.07046215744892e-09,5.98760299344115e-08
"CAVIN2",19.8967493340458,-4.3173594365506,1.56112699143404,-2.76554019002945,0.0056828601901212,0.020694303958951
"CCDC122",124.461607587232,-3.02317012541624,1.23888356211523,-2.44023749920015,0.0146776087715887,0.0469692700294339
"CCDC96",58.3821970619613,-1.03295446805853,0.322843629847595,-3.19955040942317,0.00137642114575786,0.00584835490163753
"CCNJ",1464.78182050813,-1.3308568891676,0.0909949880680554,-14.6256065023301,1.92844694280269e-48,2.41091360738854e-46
"CDC34",3431.40290821233,-1.06573772482822,0.160277193705536,-6.64934105838051,2.94408077778467e-11,3.70565028348956e-10
"CENPH",705.733674700426,-1.02922955074977,0.19205981243971,-5.35890115519538,8.37296464980727e-08,7.15105924701478e-07
"CEP112",62.8283380039744,-5.83568290644633,0.97520989009789,-5.98402760851877,2.17686391189682e-09,2.25407178844682e-08
"CEP250",445.533356242311,-1.37123990285779,0.524903985467073,-2.61236329085523,0.00899186466541799,0.0309729915740175
"CERCAM",1850.62791267975,-1.22469477030096,0.179028163965266,-6.84079389061136,7.87554990958533e-12,1.04962691993152e-10
"CFAP298",50.3138234308311,-5.17836850350448,0.573785034524855,-9.02492778988673,1.79813921019086e-19,4.88566411003591e-18
"CFAP69",7.94676372038016,-3.05020476356266,1.14359923617216,-2.66719727250978,0.00764867613404804,0.0268917740268514
"CGAS",1740.27218419427,-1.22489728707774,0.0778070355033445,-15.7427574402971,7.70132576126084e-56,1.23572926270058e-53
"CHAF1A",163.685360725565,-1.29369821533621,0.453686230098692,-2.85152629616903,0.00435098872729373,0.0163889922892406
"CLASP2",1270.38142806303,-1.99656465316202,0.631830850153147,-3.15996702705808,0.00157786994493502,0.00662282878226277
"CLN5",518.163684578334,-1.53263146081967,0.550642875030104,-2.78334930009923,0.00538008495290882,0.0197505622717305
"CNIH3",60.9665269793124,-2.15888518227289,0.401226517901143,-5.38071410026993,7.41909428827567e-08,6.38455673169263e-07
"CNTNAP3B",370.298627094363,-2.57738536865297,0.528124083608932,-4.88026478747272,1.05943501016146e-06,7.77427678684563e-06
"CNTRL",651.651023571277,-1.63374064296527,0.359119926374451,-4.5492898694287,5.38272537887105e-06,3.57293738666561e-05
"COL4A2",4687.33109735618,-1.27841667338235,0.15863095590736,-8.05906177687626,7.6882239622749e-16,1.5284939307633e-14
"CPM",1126.33767427079,-1.59991083261665,0.108799614762747,-14.7051148674145,5.97694154376633e-49,7.56510029682425e-47
"CPOX",3776.14714700021,-1.21191564649752,0.116764343326266,-10.3791586709921,3.08481665345652e-25,1.22300376973029e-23
"CPT1C",16.4157471429349,-1.76387655631706,0.577475158938296,-3.05446308644685,0.00225463758788323,0.0091420654311833
"CR381653.1",18.1305416724685,-1.81559492996531,0.735670471623,-2.46794590784627,0.0135890852722953,0.0439902112277733
"CRADD",185.330987185318,-1.17363994785652,0.222672389134247,-5.27070263367474,1.35902496235906e-07,1.12715550195168e-06
"CXCL1",215.031119198957,-1.09716585835814,0.385899611902491,-2.84313801962405,0.00446717208769853,0.0167739142810246
"CXCL6",143.48782106457,-2.78142499157866,0.558931170199298,-4.9763282849065,6.48017095167644e-07,4.92918714644504e-06
"CXCL8",4986.07384444842,-1.91364319420391,0.290482553994433,-6.58780765966614,4.46368366239075e-11,5.52282608817236e-10
"DBNDD1",1173.40319914748,-1.29528625688258,0.110349479667525,-11.7380368333878,8.13529521999021e-32,4.93395970217145e-30
"DCBLD1",1891.06419026251,-1.32017847313227,0.0552354953109262,-23.900907662742,2.99689704885297e-126,3.59239812126623e-123
"DDAH1",3240.14769506344,-1.10459083430965,0.0508758382555136,-21.7115014157028,1.59753060201896e-104,9.86499351755827e-102
"DENND2B",197.87378895397,-2.67682793823559,0.538020500609301,-4.97532702788113,6.51375768319391e-07,4.94935818638072e-06
"DNAJB1",25775.3918819302,-1.0161512360109,0.0728538161601929,-13.9478106922576,3.24411561763783e-44,3.35576589117886e-42
"DNAJC17",215.068748136803,-5.34562190736767,1.11395920517997,-4.79875913095404,1.59651654376142e-06,1.13675101777674e-05
"DPP9",531.819638786358,-1.02904004445958,0.179829068043378,-5.72232317976178,1.05077182180482e-08,1.0038738014411e-07
"DUSP23",271.466751063562,-1.00003530805269,0.217250928129464,-4.60313480206053,4.16178659296427e-06,2.80545442247522e-05
"DUSP5P1_KZ208906.1_227568_228706",17.7881090573099,-1.55576569664017,0.448244316932651,-3.47079848616113,0.000518913261006388,0.0024331372371809
"DUSP5P1_chr1_228650241_228651379",17.7881090573099,-1.55576569664017,0.448244316932651,-3.47079848616113,0.000518913261006388,0.0024331372371809
"DUSP9",265.870121510145,-1.07731126349794,0.15416006282188,-6.98826429996133,2.7830773823227e-12,3.92209895553056e-11
"DUX4L51",6.74640649851568,-2.01649474547574,0.683745697028451,-2.94918820584816,0.00318609883114818,0.0123999850995297
"EEF1A1P14",78.5021499731701,-1.08913602778954,0.33497232275978,-3.25142094969618,0.00114829703055418,0.00498614892150716
"EEF1A1P25",253.877159305425,-1.17545233467579,0.346962405318539,-3.38783775030793,0.000704459233563693,0.00320506145603057
"EID3",211.171671276232,-1.36758025356436,0.325068467561929,-4.20705294432726,2.58722543960107e-05,0.000153979205631398
"EIF4E",3013.64237246958,-1.06279352110741,0.150470222029546,-7.06314848727159,1.62771621914384e-12,2.34083282383296e-11
"EIF5A2",920.253095563563,-1.24330316389422,0.160534405942362,-7.74477693174768,9.57497927246524e-15,1.7055850315935e-13
"EIF5P1",13.6772382758766,-1.17890345516957,0.48092770833852,-2.45131115285991,0.014233685340061,0.0458189510014352
"ENC1",4810.76643879334,-1.23342505657708,0.133972269165378,-9.20656986898173,3.36712802837788e-20,9.85852513825926e-19
"EOGT",590.076293849024,-1.52411212372018,0.287773970089016,-5.29621259090504,1.1822918687762e-07,9.86194993938656e-07
"EPDR1",1459.90524805757,-1.04186029160737,0.0934591788428269,-11.1477578179827,7.34334704865262e-29,3.97985973822987e-27
"EPHB6_KI270803.1_878117_894135",464.817598728561,-4.91804701424523,0.530194711711074,-9.27592619393248,1.76082478040967e-20,5.22301126276393e-19
"EPHB6_chr7_142855061_142871094",330.378622946665,-3.81918352931553,0.885159324294602,-4.31468485332751,1.59830745810198e-05,9.77500281548682e-05
"EPPK1",39.4467774296351,-1.22582854196932,0.447605569955818,-2.73863558509855,0.00616947155006847,0.022250045975627
"ERAP1",491.74161947284,-5.1025977741078,1.66674187077735,-3.06142052561985,0.00220289463758758,0.00896198581049304
"ERLIN2",2536.82214643118,-1.1061073155598,0.381613002772117,-2.8985053117289,0.00374945957636822,0.014345942029146
"ERVW-1",9.94298518908002,-2.10417532147124,0.814294988904579,-2.58404552421704,0.00976489043577048,0.0331758815105253
"F12",1329.73500386897,-1.0368486767418,0.295955888256323,-3.50338924780506,0.000459377640929051,0.00217904971295442
"FABP5P11",16.0290244170953,-1.30133082546996,0.464674764647514,-2.80051968489638,0.0051020395627379,0.0188350293857741
"FADS2",9192.61694470274,-1.01590958946685,0.0651056720548153,-15.6040104863906,6.8361416133459e-55,1.05535525603608e-52
"FAM160B1",1441.15913580581,-1.29073497008949,0.127171550478156,-10.1495575483386,3.32869093351406e-24,1.23555671845445e-22
"FAM171A2",667.712570301912,-1.00205011654467,0.0815578463746631,-12.2863729375764,1.0720930547552e-34,7.30672651163927e-33
"FAM241B",642.203900943497,-1.07873164583984,0.111273335022128,-9.69443079624886,3.18408118347334e-22,1.06021579014411e-20
"FAM43A",2631.65018612582,-1.76189824217642,0.149588927993647,-11.7782663851381,5.05214666282012e-32,3.09167101186031e-30
"FAM50B",20.717577290225,-1.49671077884696,0.616687894709287,-2.42701501308457,0.0152236258649721,0.04850329078743
"FAM83H-AS1",243.099651248819,-1.9242914990388,0.177280504124028,-10.8545015062262,1.89839781389763e-27,9.16719209753696e-26
"FBN1",2783.09266992091,-1.4300959067913,0.275144189805108,-5.19762349989752,2.0185243364058e-07,1.63422681475079e-06
"FCHO1",203.927590742567,-1.78677572285189,0.451646218569813,-3.95614011451245,7.61704960896551e-05,0.000420423176954223
"FDX1",990.897716812404,-1.08175596223425,0.1281359536593,-8.44225161901494,3.1128237554911e-17,7.15949463762954e-16
"FER1L4",173.23201178302,-4.52784398880524,1.16947352036382,-3.87169432224222,0.000108081441901437,0.000581437070503559
"FEZF1-AS1",10.1779259474422,-2.40313572413772,0.960091381958302,-2.5030281172153,0.0123135761179825,0.0404067720019721
"FJX1",2973.61627702075,-1.16238356420411,0.0850521249830619,-13.6667198431033,1.6046716756992e-42,1.54976300508997e-40
"FMNL3",110.993925541678,-7.91103106411085,1.27505250678136,-6.20447473499016,5.48798887293997e-10,6.06147627386291e-09
"FOXD4",97.2606693603522,-1.4807110090712,0.257421759873795,-5.75208175795682,8.81511472892358e-09,8.4973702907287e-08
"FOXD4L1",28.4302149130447,-1.23054464800763,0.340041136364291,-3.6188111272788,0.000295959534851954,0.00147063238264158
"FOXD4L6",10.1229478563177,-1.32710795596259,0.521476479672597,-2.54490472282815,0.0109307558646351,0.0365099070659782
"FRMD6",5914.17016494838,-1.54959401892653,0.156478724763471,-9.90290546698187,4.04353754378755e-23,1.40853347123594e-21
"FTH1P20",760.341756201316,-3.2181718848437,0.990904491665256,-3.24771147160251,0.00116337176790711,0.00504515639208576
"FUT10",582.971956053017,-1.54727658981791,0.296341316269891,-5.22126515901933,1.77704879373877e-07,1.45024831072522e-06
"FUT5",38.8315469713129,-1.38196417504073,0.39121097217329,-3.53252918077301,0.000411604797380372,0.00197920959190053
"FZD1",563.182303527505,-1.20362246583868,0.0771848339562733,-15.5940280511655,7.99306639523708e-55,1.2246820075349e-52
"FZD8",14547.4436642414,-1.89664398063625,0.117747961605135,-16.1076587210622,2.2539780783993e-58,3.76488240013286e-56
"GABPB1",1189.36996978194,-2.37284833104031,0.214696138109297,-11.052123954984,2.1408889371902e-28,1.11578094020619e-26
"GARNL3",119.289335616241,-2.05852629327038,0.512327183705829,-4.01799154669168,5.86963023484265e-05,0.000330509325575086
"GDPD1",277.445997784467,-1.14265609622577,0.145785864779229,-7.8379073167083,4.58116943636207e-15,8.35018522130468e-14
"GIPC2",821.709295707247,-1.21716225473792,0.480282046462154,-2.53426557104052,0.0112683296230315,0.0374638371912306
"GJA1P1",17.7795871770986,-1.22569712905521,0.460412834451325,-2.6621697688247,0.00776387095544989,0.0272356967344049
"GMEB1",1389.67760388798,-1.06240343716767,0.135173457926019,-7.85955655398806,3.85495745782819e-15,7.08352777958727e-14
"GPALPP1",514.101772482668,-1.49790733261027,0.454670929149313,-3.29448670803045,0.000986016078478166,0.00435008349149774
"GPR180",2021.2083534254,-1.18192683512604,0.0903584643012257,-13.0804218981177,4.26068765477469e-39,3.52944280605686e-37
"GPR37",1040.39804084068,-1.01611182456555,0.111774687383068,-9.09071497630937,9.83898887665682e-20,2.76550228039328e-18
"H2AX",3732.1594799793,-1.03366743014518,0.0782488074409618,-13.2100087394313,7.68155106867128e-40,6.52227698655764e-38
"HAS2",1699.89654243301,-1.40548855025302,0.163120439296102,-8.6162626603876,6.91749692848177e-18,1.66625002847047e-16
"HDAC4",228.629557270957,-2.2251377241073,0.912693342221122,-2.4379905288804,0.0147691609591044,0.0472325740779395
"HEATR5A",3275.19826617799,-1.4917254302828,0.394162325942659,-3.7845459398365,0.000153989462141047,0.00080502751654958
"HECW1",9.14174657434963,-3.66843640509883,1.49784324487872,-2.44914574181349,0.014319549403247,0.0460258324510043
"HENMT1",27.3327104963508,-5.82023552992323,1.63782721949482,-3.55363219065223,0.000379950193509618,0.00184479986736693
"HERC1",27.7265893019855,-1.85614337506921,0.617405041352307,-3.0063625185238,0.00264393582042885,0.0105354173149588
"HIPK3",7185.76008584198,-1.07411846722394,0.0876516870679913,-12.2543958154593,1.59130902625255e-34,1.07733207099583e-32
"HLA-A_GL000251.2_1369022_1489345",1583.28016580259,-1.11753402337138,0.436162488879789,-2.56219654799197,0.0104012437014763,0.0350109917655572
"HLA-A_GL000254.2_1286636_1289979",43.5988062772716,-1.46506495998913,0.475927444453864,-3.07833678654594,0.00208159519391916,0.00851611059258875
"HLX",324.348787993506,-1.37950546083384,0.302072305653105,-4.56680548006952,4.95213157139359e-06,3.30433978918987e-05
"HMGB1P1",66.8300112723496,-1.12123658244648,0.330786314692456,-3.38960994649654,0.000699921352396618,0.00318868708230232
"HMOX2_chr16_4474690_4510347",889.227571212122,-1.30865080346755,0.33419659547094,-3.91581129551435,9.01007034983287e-05,0.000491980743807327
"HMSD",164.871551725917,-2.24091740282957,0.253850096007813,-8.82771934331119,1.06831721952908e-18,2.73151421575452e-17
"HNRNPA3P3",240.200779460067,-1.22153454914645,0.271226019515325,-4.50375134114825,6.67643211880858e-06,4.3467199270633e-05
"HNRNPA3P5",166.43073904151,-1.14661887066711,0.222230265488256,-5.15959816790886,2.47480432901224e-07,1.98784243660273e-06
"HNRNPLP2",318.799404940773,-2.6035558608802,0.718374044245922,-3.62423431321653,0.00028981877296241,0.00144293353418715
"HOTAIRM1",359.14944824467,-1.21019798705739,0.27764234999303,-4.35883786132689,1.30754938727969e-05,8.11118460090885e-05
"HOXA11",1086.25240353726,-1.57499737916696,0.112717957786849,-13.972905560845,2.28126436035175e-44,2.38397975052553e-42
"HOXA4",150.259466103413,-1.78540182339515,0.324913810940254,-5.49500133044037,3.90707469016122e-08,3.49663452068974e-07
"HOXA9",2796.53152371255,-1.41962907973982,0.0861678113329623,-16.4751669768449,5.53355686437833e-61,1.01588127731803e-58
"HPCA",48.6482582591496,-2.70360465986276,0.770893912205866,-3.50710339912603,0.000453013083324318,0.00215168030375122
"HPS6",973.897818972385,-1.02107810771531,0.114320478942563,-8.931716496992,4.19449248944542e-19,1.10719388536164e-17
"HSP90AA1",250806.943239894,-1.17737504876271,0.389544757779244,-3.02243843679173,0.00250747080645022,0.0100624734332104
"HSP90AA2P",1647.83947880439,-1.43093033639563,0.149262402478507,-9.58667630049487,9.09682584143383e-22,2.9285168561886e-20
"HSP90AA4P_KI270925.1_111108_113335",17.0667901022851,-1.870253682024,0.489216946577709,-3.8229535896237,0.00013186260606601,0.000698854664866881
"HSP90AA4P_chr4_189472965_189475192",17.2453708653151,-1.8887988638758,0.496541206165624,-3.8039116198662,0.000142429013675976,0.000750949143774654
"HSP90AA6P",39.9142647301714,-1.72285361853628,0.438814443120996,-3.92615522470675,8.63144653961066e-05,0.000473335892314817
"HSPA1A_GL000250.2_3148086_3150568",1487.85406389636,-1.25449800902874,0.286052565364404,-4.38555063273293,1.15692741860647e-05,7.26081519444494e-05
"HSPA1A_GL000252.2_3063243_3065725",986.307932432383,-1.01868833619356,0.302571967991315,-3.36676375857395,0.000760558119030258,0.00343498522819118
"HSPA1A_chr6_31815543_31817946",941.702973332024,-1.04493926644263,0.299843594614658,-3.48494777013837,0.00049223311340709,0.00231763548637007
"HSPA2",306.178250760802,-1.10279541674804,0.292308854446967,-3.77270616326171,0.000161486431246532,0.000842275530059337
"HSPB1",14428.564951535,-1.51049539962515,0.142250666062536,-10.6185471142969,2.44334279596557e-26,1.07076213970293e-24
"HSPB1P1",133.580519856733,-1.58100649969392,0.326462593563493,-4.84284120406106,1.27995578933998e-06,9.23289878767083e-06
"HSPD1P12",59.7439179147182,-1.03649950407462,0.411631223566397,-2.51802935427086,0.0118013485226865,0.0390149059369413
"HSPD1P6",113.334344467145,-1.02646992470505,0.354554601413171,-2.89509689230879,0.00379041514808694,0.0144808923674008
"HSPE1P2",121.164402261797,-1.45573153782106,0.356405824849793,-4.08447740278817,4.41761249648961e-05,0.000253511989449353
"HSPE1P3",42.0238958183602,-1.14823762407116,0.374632149351703,-3.06497353753054,0.00217689257206495,0.00887036929284933
"HSPE1P4",27.4714662299791,-1.08173909388522,0.417509309747713,-2.59093406692867,0.0095715827743558,0.032666172127922
"ID1",8191.9125098678,-2.1880290615179,0.22780482975355,-9.60484052899587,7.62759122548406e-22,2.48696086388663e-20
"ID2",3538.2327134314,-1.55337617972175,0.154183830628389,-10.0748319288141,7.13827307718892e-24,2.60687685962286e-22
"ID3_KQ458383.1_327905_329480",1409.17798202981,-2.15520481111055,0.214345197092578,-10.0548313670854,8.747106109231e-24,3.18300943381981e-22
"ID3_chr1_23557926_23559501",1409.3417984808,-2.15541261638533,0.21444851420345,-10.0509561672247,9.09803168968169e-24,3.30480730431967e-22
"IER3_GL000253.2_2053450_2054805",1429.71880519732,-1.18671788615106,0.243612695272694,-4.87133022695174,1.10849389195516e-06,8.11382490311147e-06
"IFI6",345.402471923145,-1.17526396431539,0.129335564524691,-9.08693574450689,1.01869555182474e-19,2.85936335469484e-18
"IFITM10_KI270903.1_206156_209175",43.5960217116164,-2.27235400593398,0.778802576684866,-2.91775357961285,0.00352562849168822,0.0135659473949439
"IFITM3P2",24.5165130053665,-1.43426863172001,0.564457822919038,-2.54096687738835,0.011054639158959,0.0368813747186094
"IKBKE",73.8516759983794,-3.08557733210123,0.823934928704143,-3.74492842165839,0.000180445213783004,0.000932803796669217
"IL1RAP",2354.39183733086,-1.27706131660521,0.10828097911013,-11.793957970276,4.19359181758236e-32,2.574006447551e-30
"INHBA",1157.68205396027,-2.26351779717184,0.249648208935217,-9.06682970739526,1.22530205696649e-19,3.39255507022598e-18
"IQANK1",205.207168266811,-3.72013645156694,0.670884626235905,-5.54512103286568,2.9375090420612e-08,2.66165225696412e-07
"IRAK2",1624.43417909794,-1.11679528646078,0.106528837007076,-10.4835020998736,1.02862649937817e-25,4.25179529499561e-24
"ITGB8",3741.47100168928,-1.2210899637695,0.115987019717866,-10.5278156705789,6.43094417428395e-26,2.67995460907072e-24
"KCTD12",2738.10249975549,-1.14712985534933,0.101499948893451,-11.3017776644747,1.28588313611508e-29,7.23859849385447e-28
"KDM8",22.1446961039932,-2.51057291774424,0.718000056401976,-3.496619387922,0.000471193595339954,0.0022299078229999
"KIAA1841",128.299399213447,-5.03129548452106,0.769349707968315,-6.5396729632973,6.16535018893948e-11,7.50522736859073e-10
"KLF6",13127.2493286782,-1.52699339435924,0.219933956025996,-6.94296334204416,3.83959082795512e-12,5.31543355245037e-11
"KLHDC2",65.0092955413726,-2.56957401763372,0.465637887178759,-5.51839549226211,3.42108822697078e-08,3.07590619561602e-07
"KLRG1",31.6129591605567,-1.0570407048626,0.399705278280897,-2.64455027816708,0.00817995532988093,0.0285332300089547
"LDHAP5",29.1836762932742,-1.03913651154992,0.40764779788998,-2.54910370405183,0.0108000179515245,0.036162137005614
"LENG8_chr19_54448887_54462037",370.168937175715,-4.42115095343869,1.03156436005717,-4.285870203187,1.82025247921902e-05,0.000110429011674681
"LENG9_chr19_54461732_54463778",84.4603400606551,-1.02804244142649,0.257998832403567,-3.98467865861658,6.75715028473783e-05,0.000376324702110925
"LIN7B",56.6204515868799,-1.20430805586117,0.451884661682045,-2.66507841044747,0.0076970373783609,0.0270338206991104
"LINC02300",298.193403958582,-1.54016698241511,0.556019890818819,-2.76998540492318,0.00560588045773638,0.0204541865653988
"LINC02310",17.7635204233157,-1.20300890371018,0.436043043520676,-2.75892236233585,0.0057992310764147,0.0210728835369434
"LNCAROD",163.065226291128,-1.85976766057544,0.661213504468161,-2.81265831385479,0.0049133830282787,0.0182376902277347
"LPAR2",363.672386884194,-1.4543050493297,0.226733933804417,-6.41414818208995,1.41612415534305e-10,1.65658886553276e-09
"LPGAT1",1859.972701867,-1.17541131081263,0.262099264553743,-4.48460362074619,7.30496007567753e-06,4.72422965478124e-05
"LRRC69",11.0677841112593,-2.9678007004923,1.22831468754448,-2.41615664990966,0.0156853116010215,0.0497114226450893
"LRRC8C",1598.52314384313,-1.207692830118,0.0689639335233784,-17.5119481795306,1.16150010269324e-68,2.85169266176902e-66
"LSS_chr21_46188141_46228824",256.016690922264,-2.76312499565338,0.493219053270668,-5.60222679422127,2.1161541960283e-08,1.95746664578596e-07
"MAP6D1",237.766449562751,-1.11300370338799,0.448890972583953,-2.47945218630975,0.0131584370713831,0.0428342860448315
"MAPT_KI270908.1_596513_730446",63.3141712146461,-3.88209276146569,0.790885038911362,-4.90854241826261,9.17557849487932e-07,6.79432916310504e-06
"MAPT_chr17_45894382_46028334",96.0554100221099,-4.06613439771264,0.37767454748426,-10.7662388815918,4.96887018436094e-27,2.33307918472136e-25
"MARCHF2",679.507103411416,-1.1101696917254,0.413718630146341,-2.68339303775785,0.00728792839206898,0.0257791016791497
"MB21D2",3033.64469474973,-1.10049406935852,0.0657014326077659,-16.7499250119615,5.66977076365227e-63,1.14394642199709e-60
"MCRIP1_ML143375.1_35854_46795",1083.02373620436,-1.20113885112126,0.110384826634624,-10.8813764331673,1.41411309671675e-27,6.96057890939466e-26
"MCRIP1_chr17_81822361_81833302",1083.02373620436,-1.20113885112126,0.110384826634624,-10.8813764331673,1.41411309671675e-27,6.96057890939466e-26
"MFSD6",1700.5584415186,-1.30723387470357,0.455814005013748,-2.86791072745592,0.00413192103016614,0.0156535204968815
"MICB_GL000252.2_2745694_2758910",52.1468375975034,-2.21726611597148,0.838063910956353,-2.64570050921445,0.00815219569686422,0.0284558828212914
"MIEF2_KV766198.1_20971_26926",178.353440447233,-1.01237330876337,0.253459434220541,-3.99422223866593,6.49069619497212e-05,0.000362674546370008
"MIEF2_chr17_18260597_18266552",178.353440447233,-1.01237330876337,0.253459434220541,-3.99422223866593,6.49069619497212e-05,0.000362674546370008
"MON1A",1625.63733423768,-1.16375405483827,0.0845660407580218,-13.7614820843776,4.34526633574578e-43,4.2776733038564e-41
"MPDZ",691.798628205138,-1.57611157625085,0.501533647282826,-3.1425839219159,0.00167463699744419,0.00698439474701549
"MPZL2",200.186229162106,-1.38514376149261,0.268160813105199,-5.16534741020949,2.39992745765389e-07,1.93074306087924e-06
"MREG",1102.99822933749,-1.00754664076334,0.088426513536591,-11.3941690163597,4.47075071758425e-30,2.55912803716101e-28
"MRPL4",3417.32295296105,-1.2477103041871,0.236093511971405,-5.28481402885065,1.25832521995964e-07,1.04661842172806e-06
"MSMO1",7040.90363511197,-1.03642962141752,0.113309388318135,-9.14689980063769,5.85908188282234e-20,1.6863894153694e-18
"MSTRG.12051",860.886357841856,-2.08787111555178,0.787127705809089,-2.65251889895765,0.00798936551850651,0.0279545485123842
"MSTRG.14584",27.5258884912395,-1.47782380653262,0.400629563096753,-3.68875375823358,0.00022535519228734,0.0011440677898434
"MSTRG.15039",138.41669244759,-1.34307168532576,0.276431601664911,-4.85860399909638,1.18216308529272e-06,8.58827784388419e-06
"MSTRG.15464",861.026417973629,-1.26092598588381,0.205262856063603,-6.14298178474673,8.09865737867127e-10,8.81123545448815e-09
"MSTRG.1557",7.36026903650405,-3.90650550510714,1.22653928467674,-3.18498196830011,0.00144763028078215,0.00611902299559815
"MSTRG.16775",474.410769845027,-1.23448867918629,0.276652542161087,-4.46223508211063,8.11091725542171e-06,5.20580383719633e-05
"MSTRG.17776",8.55020217871603,-2.12896454692551,0.824968758883484,-2.58066081169771,0.00986114165737602,0.0334248743669342
"MSTRG.18017",2510.09198927609,-1.02276922776553,0.206474396877477,-4.95349178025425,7.28934388876966e-07,5.49952794392255e-06
"MSTRG.20328",935.072901342221,-1.57966266679147,0.594220594240502,-2.65837751518946,0.00785178856420044,0.0275204243827445
"MSTRG.20575",1642.16430096055,-1.70646197678654,0.299425696142937,-5.69911667157628,1.20429788692922e-08,1.14038951393325e-07
"MSTRG.23288",8129.16899745658,-1.02577596944347,0.09175123134682,-11.1799695152431,5.11075393545981e-29,2.78467763895187e-27
"MSTRG.23298",29.7270875709691,-1.89572921054089,0.562150765726468,-3.37227897944964,0.000745488938669843,0.00337290710306707
"MSTRG.23302",34.718303180235,-1.51914716596082,0.393801454048446,-3.85764742700503,0.000114483627305962,0.000612965674524671
"MSTRG.24662",35.19985633169,-3.89902573912366,1.45950342873919,-2.67147418933567,0.00755188800481201,0.0265881779132791
"MSTRG.25538",623.025456190367,-1.64304036490578,0.26601125627629,-6.1765821037259,6.55041524023516e-10,7.18430364722885e-09
"MSTRG.25794",80.562971466198,-3.71966274029206,0.460392630184387,-8.07932728810698,6.51250250058756e-16,1.30879463468415e-14
"MSTRG.26150",710.673131798943,-1.2784088504815,0.354841413669855,-3.60276112435662,0.000314854848505451,0.00155613681650585
"MSTRG.26359",237.371463952326,-1.67706227551292,0.208190619123327,-8.05541711041009,7.92082312578597e-16,1.57014137798897e-14
"MSTRG.26560",20.2236057757448,-1.74674427824375,0.41985050403221,-4.16039581105217,3.17696523867617e-05,0.000186678770570193
"MSTRG.29114",466.832360719979,-1.52367247533086,0.203095721115693,-7.5022381907441,6.27372346997119e-14,1.03602866184014e-12
"MSTRG.3347",88.323637482916,-2.18178977101407,0.497990119759072,-4.381190879991,1.18032410227169e-05,7.39171621268974e-05
"MSTRG.3369",4.66840170401508,-2.12134327327835,0.784894100523513,-2.70271272502041,0.00687761596246423,0.0244849856888707
"MSTRG.3896",102.560724182106,-1.21106901603327,0.212408993375131,-5.70159011061469,1.18694962137521e-08,1.12605490616313e-07
"MSTRG.3997",564.759010076243,-1.18474713881735,0.463137846138232,-2.55808750827879,0.0105249603163826,0.0353573427839177
"MSTRG.4623",23.1777845190401,-5.07313924310802,1.54049030146086,-3.29319778144473,0.00099054768269886,0.00436818452240583
"MSTRG.5041",24.903934680523,-1.00628249384649,0.416564057186453,-2.41567287548306,0.0157061647582275,0.049759323804627
"MSTRG.5042",39.1082108148211,-1.67069677477223,0.337499498838557,-4.95022001668634,7.41296304594609e-07,5.58245975426051e-06
"MSTRG.5337",37.4957705611616,-1.23151605367496,0.32529900668259,-3.78579715392925,0.00015321662170226,0.000801192793699935
"MSTRG.6649",320.994057301789,-1.04640797974107,0.32549865136615,-3.21478437882675,0.00130542538748226,0.00557926982930234
"MSTRG.7717",962.479242555028,-1.73403290802105,0.29380474192255,-5.90199088236009,3.59141017736642e-09,3.63565606529423e-08
"MSTRG.8511",5.621990063133,-3.08983367851644,0.872844608477316,-3.53995848574545,0.000400189977828486,0.00192928113749442
"MSTRG.8612",399.50851259034,-1.4638478017117,0.521730620685052,-2.8057540494549,0.0050198992381153,0.0185654277085869
"MSTRG.9023",66.6600820727804,-1.14238309978261,0.352964579318311,-3.23653750749983,0.00120989325263343,0.00521913732052582
"MSTRG.9523",22.404086675293,-2.00296758961514,0.400937716791683,-4.99570757683501,5.86204310885684e-07,4.50100657393688e-06
"MSX2",653.014781828047,-1.01208319286447,0.105381891557172,-9.60395735841763,7.69325892752073e-22,2.50436470327504e-20
"MYCBP2",1548.3160504708,-1.90777393675031,0.74496635556989,-2.56088603530408,0.0104405598703253,0.0351027436128509
"MYO19_KI270857.1_730537_778339",757.803073222235,-2.2268435844856,0.508772957623692,-4.37689061715552,1.20384349547704e-05,7.5182110790166e-05
"MYO19_chr17_36495633_36543435",625.227983338708,-1.98085894654587,0.699480465592999,-2.83190030884787,0.00462722727601806,0.0173142925873478
"NCK1",622.567747045776,-4.11886707143547,0.766488778847866,-5.37368215308601,7.71447961794514e-08,6.6108353933762e-07
"NIPAL1",838.338526655927,-1.14623574668081,0.157897519045555,-7.25936514778369,3.88911298575313e-13,5.93206170835909e-12
"NMB",136.255260389519,-1.55891981932562,0.384967246691,-4.04948689200282,5.13300526774119e-05,0.000291041684323957
"NMI",519.121993767339,-1.49379719101277,0.277824468487644,-5.37676612554811,7.58355762169814e-08,6.5095929745141e-07
"NOP56P1_GL000251.2_274331_274702",6.62040305682022,-1.83688896147433,0.646825792649934,-2.83985113510843,0.00451345910669476,0.0169414753501981
"NOP56P1_GL000256.2_92972_93343",6.44597047786397,-1.78767729541449,0.646817657594709,-2.76380410216729,0.005713182779225,0.0207851697318391
"NOTCH2NLB",294.541791979128,-1.1703084677092,0.239997987915121,-4.87632616371393,1.08079846896171e-06,7.92617047609187e-06
"NPEPL1",3111.43975919301,-1.02954350839949,0.0971174792164097,-10.6010114420837,2.94774760776478e-26,1.27265255828455e-24
"NPIPB3",96.2952819150725,-1.76326439780155,0.43722042365113,-4.03289577160399,5.50937195107595e-05,0.000311169572114816
"NR4A1",821.474393073868,-1.02923276447613,0.157798753246879,-6.5224391403516,6.91731341519412e-11,8.38554507881177e-10
"NRTN",24.8610974539672,-2.2550673307113,0.674966312575024,-3.34100723058033,0.000834750490964558,0.00374599108233335
"NSA2",3759.1509193339,-1.16100667495727,0.109774713441497,-10.5762669612982,3.83952509492782e-26,1.63344138589643e-24
"NSUN5P2",20.7026669073377,-2.17149793498613,0.671919887523705,-3.23178101334219,0.00123021294855929,0.00529111006030839
"NTAN1_KI270853.1_613600_631834",194.667881546232,-4.31506282081619,0.753624925831616,-5.7257432350112,1.02981878693661e-08,9.84779316761815e-08
"NTS",147.23780756516,-2.53771021563468,0.315955700959793,-8.03185449075855,9.60102015415535e-16,1.88668841563527e-14
"NUP42",611.007283829158,-3.51884167679011,0.121208294174685,-29.0313604423702,2.6457290204937e-185,1.79715553265402e-181
"OAS1",1909.80502893085,-1.01407570029335,0.0922684906392305,-10.9904875788895,4.24625944534538e-28,2.15249440241911e-26
"OGFRL1",1306.2976147342,-1.24924513457165,0.220848581097891,-5.65656853379521,1.54429330779857e-08,1.44754411344615e-07
"OPLAH",17.7136775193814,-1.42142779326926,0.427036442157885,-3.328586633231,0.000872878526950828,0.00390077162767631
"OR7E47P",24.1241517525749,-1.64492783908222,0.410913243363206,-4.0031025177455,6.25171952295773e-05,0.000350474664205867
"P4HA2",2307.38457267806,-1.10151532903141,0.15272232966689,-7.21253618533699,5.49192296987653e-13,8.24111975553342e-12
"PANX2",443.410571001281,-1.05219710682404,0.231085873147153,-4.55327317284346,5.28176158510729e-06,3.51049372411338e-05
"PAQR9",19.8030025956701,-1.1901659367814,0.435381115559222,-2.73361864869288,0.00626425496050713,0.0225415835396811
"PARD6G-AS1",237.167217506897,-2.11890343617597,0.418142057269585,-5.06742481254372,4.03233696170026e-07,3.16042163867415e-06
"PARP10",629.397786077985,-3.43641941411504,0.546695080834978,-6.28580635638158,3.26156288778988e-10,3.68835341439413e-09
"PARP11",12.4196453333226,-2.16654769458494,0.723109926546812,-2.99615261116828,0.00273409563193333,0.0108628194165602
"PCDH10",97.1644478984283,-2.10462128828291,0.327506481101451,-6.42619737235356,1.30835504485774e-10,1.53935676120734e-09
"PCDHGA10",42.2512374958032,-2.36811676610786,0.665477892078225,-3.55852056739624,0.000372949591063506,0.00181429704244816
"PCDHGA11",5.90553561009096,-2.74953470345433,0.932081321430075,-2.9498871399287,0.00317890028562759,0.0123790617275977
"PCDHGB7",71.5748659417097,-2.2817420600866,0.578280168297262,-3.94573804390554,7.95545516924588e-05,0.000437797098133655
"PCDHGC5",34.4246334082902,-2.4712684894315,0.501845874081275,-4.92435749114334,8.46379829751298e-07,6.31777588669303e-06
"PCGF3",562.63566705721,-1.20880722909097,0.246356344162087,-4.90674284521633,9.26013151148909e-07,6.84947223016786e-06
"PCNPP1",4.43049235648729,-3.1559481166949,1.01581591257273,-3.10681106451848,0.00189117224928817,0.00780759888492593
"PCSK1N",570.1642778144,-1.13156089989207,0.271361871223595,-4.16993328793672,3.04688816026707e-05,0.000179501263168321
"PCTP",947.513966158032,-1.1123229403615,0.1407999013916,-7.90002641598341,2.78844327325818e-15,5.23231095971042e-14
"PDGFC",896.208432920304,-1.09734277406859,0.210872985138786,-5.20380917141363,1.95244499290097e-07,1.58387436565827e-06
"PFKFB2",1495.06284502169,-1.01373944612335,0.0937557851088604,-10.8125535394567,3.00195410853467e-27,1.42596318936409e-25
"PGAM4",850.961227048719,-1.15718299319552,0.104003746556153,-11.1263587275747,9.33722674485313e-29,5.00721070017413e-27
"PGM2L1",2235.06127738724,-1.00443079979713,0.177488387786167,-5.65913529513402,1.52137585649522e-08,1.42671869321949e-07
"PI3",4374.10030784961,-1.60454410800153,0.238778419801778,-6.7198036963874,1.81969542873819e-11,2.33659442008991e-10
"PID1",419.318350812937,-1.10207267808967,0.144082288099992,-7.64891155340924,2.02687585225964e-14,3.50328041707777e-13
"PIK3IP1",142.199797027288,-1.39761116140333,0.492824497278035,-2.83592063528216,0.00456937993544476,0.0171229908651146
"PINK1",171.119224868096,-7.55132641857609,1.73643244673191,-4.34875910824417,1.3690999526696e-05,8.4610745097442e-05
"PLEKHG4",1476.89268136341,-1.59883976260242,0.279574016436157,-5.71884248394565,1.07252160216347e-08,1.02177864464176e-07
"PLEKHN1",577.734030085875,-1.05709540843862,0.352061530853116,-3.00258709287852,0.0026769536397309,0.0106544846231321
"PLK1",142.750712403563,-2.21798373696524,0.841361932326526,-2.63618266021627,0.00838445841303473,0.0291297587891438
"PLPP3",2461.88720185652,-1.40097405258454,0.0704857780324207,-19.8759819596535,6.56885710896442e-88,3.04227659469266e-85
"PMEPA1",359.174025391109,-1.76929204666907,0.502352969674571,-3.52200972916559,0.00042828842495504,0.00204730507242172
"PNN",8747.76656001646,-2.79762276035414,0.169948611122215,-16.4615806029876,6.92678173651785e-61,1.24915007280319e-58
"POLQ",1466.1864285273,-1.24375998393144,0.25361951309274,-4.90403900222235,9.38858351981184e-07,6.93441663525646e-06
"POMK",363.441094790297,-1.00473754775329,0.21720967852377,-4.62565735828082,3.73412176457803e-06,2.53731021402371e-05
"POMZP3_KI270809.1_96821_114096",160.027858442039,-1.14959114297172,0.471460147391831,-2.43836334700056,0.0147539358501047,0.0471912893978077
"PPFIA3",911.385182295001,-1.40009901927055,0.404539246175201,-3.46097203796189,0.000538228714083664,0.00251733411420631
"PRADC1P1",10.5606938931936,-1.64588548555806,0.627718757465413,-2.62201099773373,0.00874126101815733,0.0302170342710789
"PRKAG1",3079.8130652291,-1.88933875588148,0.472305465461876,-4.00024749667859,6.32762713742247e-05,0.000354437564063758
"PRRC2A_GL000254.2_2962602_2979651",2154.19793088092,-1.12288059844434,0.203547998481924,-5.51653962121402,3.45739570223938e-08,3.10647308731191e-07
"PRTG",169.00358433095,-2.87484393006425,0.204499489197125,-14.0579516425739,6.88503252267395e-45,7.3843785656342e-43
"PSKH1",1608.4030686448,-1.46061916183773,0.0976611302859247,-14.9559928045216,1.42342949468852e-50,1.90833198965544e-48
"PTGER4",946.186342482282,-1.9479210753227,0.187410112812465,-10.3938952177672,2.64332351156563e-25,1.05412224107014e-23
"RAB4B",43.1258627292728,-3.88996108133496,1.37181451425422,-2.8356319611108,0.00457351165502023,0.0171353227626406
"RASSF9",88.5868670283941,-1.92730900584791,0.3373590552163,-5.71293100347404,1.11046711188053e-08,1.05546169803645e-07
"RBM15",666.926025325202,-2.74119104841839,0.846035520202997,-3.24004250762505,0.001195118818673,0.00516524523582573
"RGS14",98.9412102512642,-1.44953586225208,0.586992400247454,-2.46942867001517,0.0135328995537358,0.0438361829766378
"RHEBL1",503.047261700587,-1.40484996627585,0.216421427010368,-6.49127022995069,8.51156486475333e-11,1.02148803777352e-09
"RNF128",365.103121801057,-1.3633337004244,0.15160862714136,-8.99245462564097,2.41769332087478e-19,6.49970375894278e-18
"RNF133",9.10034747446342,-1.68072286154697,0.682391541481363,-2.46298900173702,0.0137784142298276,0.044532359266523
"RNF135",879.471867380576,-1.04977663643496,0.196171064309507,-5.35133272651611,8.73088203661128e-08,7.44115073785298e-07
"RNF208",83.9733709606609,-1.01899452788604,0.379802333159369,-2.68296015827384,0.0072973683330584,0.0258080131709587
"RNF34",2182.26677563026,-1.02738618789548,0.0979373650137378,-10.4902371811961,9.57876368489092e-26,3.96739931647779e-24
"RPA4",28.1670686498674,-1.1929883774907,0.435619760769691,-2.73860023104283,0.00617013494004652,0.022250045975627
"RPL23AP4",16.0014432081764,-4.19209873098575,1.71880358968054,-2.43896321613158,0.0147294674880689,0.0471204220520985
"RPL7AP60",6.92360262899726,-2.05307651881179,0.840450014783137,-2.44283001094545,0.0145725994662302,0.0466698777185036
"RPP25",89.2210205426201,-1.01150708917584,0.19301539365513,-5.24055138826467,1.60097494960445e-07,1.31498055312533e-06
"RPSAP8",4.57404207384798,-1.83954201753653,0.759712575821201,-2.42136575868591,0.0154623108120414,0.0491288385490053
"RTN4R",351.002112778283,-1.00172378605746,0.200799598750459,-4.98867424183619,6.07950629033923e-07,4.64174519237665e-06
"S100A2",2170.70542659851,-1.66954913812353,0.594549865079351,-2.80808933982469,0.00498363989720963,0.0184648388773342
"SAMD13",73.9998140732024,-1.13438637701087,0.275057278131867,-4.1241823692701,3.72054027210455e-05,0.000216003332378765
"SAT1",12751.5623460974,-1.13981453905195,0.184662911327446,-6.17240641804258,6.72583389678745e-10,7.36480618746559e-09
"SCNN1A",132.685017878291,-2.29754821175266,0.94992187719909,-2.41867070008656,0.0155773348610915,0.0494215989100611
"SEMA6C",103.576303313327,-6.23196898352834,1.66655477004457,-3.7394324480327,0.000184436201886541,0.000951504030897197
"SEMA7A_ML143370.1_238558_263227",1147.14948736942,-1.04220911573714,0.122005637385012,-8.54230294661102,1.31572944450329e-17,3.09964562081943e-16
"SEMA7A_chr15_74409289_74433958",1147.14948736942,-1.04220911573714,0.122005637385012,-8.54230294661102,1.31572944450329e-17,3.09964562081943e-16
"SGO1",221.107589380727,-1.14899596041504,0.474847119223448,-2.41971766048424,0.0155325618729815,0.0493102579603702
"SLC12A9",837.1978453881,-1.71530015965065,0.0885208035182895,-19.377367708781,1.19821170060952e-83,4.52169593241126e-81
"SLC25A27",100.200725430729,-2.05133346892546,0.73617967867711,-2.7864576112881,0.00532875868994474,0.0195939091634237
"SLC35E1",5206.40127273776,-1.14665065536166,0.10516801390531,-10.9030361303017,1.11474346170582e-27,5.51365103462164e-26
"SLC43A2_KI270861.1_1_58914",156.666948822588,-6.42310846287415,0.501892949814689,-12.7977658686892,1.68736091308982e-37,1.2878292392114e-35
"SLC43A2_chr17_1569268_1628886",161.419027978084,-6.46914084115611,0.498403157540019,-12.9797348658183,1.59431512696574e-38,1.29438062379713e-36
"SOCS1",54.9133620195439,-1.47471276407226,0.47596207277602,-3.09838293515927,0.00194579826403636,0.00801039939889555
"SOX2",36.778557135613,-1.0561111959517,0.392657308951075,-2.68965118406415,0.00715267397577557,0.0253490765701486
"SOX21",1380.34246996198,-2.03240824897055,0.155973824977913,-13.0304443662797,8.21279533268417e-39,6.74840093909024e-37
"SPHK2",12.1891968231948,-1.38765008339488,0.527095667323291,-2.63263420555452,0.00847255425625658,0.0294028798763618
"SPOCK1",1226.16033981168,-1.75074201515861,0.136270562529398,-12.8475437589899,8.87847600551989e-38,6.90555664276658e-36
"SPRY2",5051.84787371287,-1.02564158053257,0.0875891929723207,-11.709681819499,1.13705516197351e-31,6.79498829639183e-30
"SPRYD7",776.84600078916,-1.16654625814131,0.110357584920347,-10.5706033616384,4.07862064392024e-26,1.72435957431134e-24
"SPSB3",114.748032503175,-2.77531581709973,0.317999419069305,-8.72742417335948,2.60538424355648e-18,6.49512161630597e-17
"ST7L",625.225342995046,-1.59326218077526,0.400622805744006,-3.97696326302835,6.98009435533846e-05,0.000387470342612605
"STOML1",216.432017565669,-1.329567583414,0.47076957334048,-2.8242428115727,0.00473924665163338,0.0176877278613613
"STX11",374.622258637035,-1.18476635934736,0.144913249867182,-8.17569380600629,2.94168174054796e-16,6.18633544983347e-15
"SYN1",144.777286963841,-1.94545090480899,0.714476223583063,-2.72290503251829,0.00647106565980309,0.0232365420291572
"TANGO6",881.771072424192,-1.15531324200326,0.413801790123078,-2.79194839070084,0.00523917117505977,0.0193028078476529
"TCEA3_KQ458383.1_150888_194727",6.39149695959946,-2.94989508322162,1.02759348106061,-2.87068294767395,0.00409586108874475,0.0155226812844412
"TCEA3_chr1_23380909_23424748",6.39149695959946,-2.94989508322162,1.02759348106061,-2.87068294767395,0.00409586108874475,0.0155226812844412
"TCF4",684.682204771518,-1.35509580444047,0.357292141248355,-3.79268292805392,0.000149028393275325,0.000781296783680105
"TCIRG1",739.184069566156,-1.34072523831069,0.288325302241491,-4.6500436412887,3.31864798118025e-06,2.27242636291973e-05
"TK2",872.185749689358,-1.22306162296689,0.359137149075374,-3.40555586108469,0.000660295034465861,0.00302506569522152
"TLE4",684.300677639161,-1.08972152160941,0.145366550242632,-7.49637051846211,6.56091642343266e-14,1.08257777228106e-12
"TLNRD1",1140.45136974347,-1.28580858521522,0.0817589978674087,-15.7268144027457,9.90716253933837e-56,1.56502448237703e-53
"TLR3",58.4221316841054,-3.6850211633954,1.14196686131696,-3.22690726694618,0.0012513600826473,0.00537299110075573
"TLR4",887.989192686791,-1.23829330301146,0.182280645700707,-6.79333397273926,1.09571322847651e-11,1.44614275711751e-10
"TMEFF2",52.7545446685914,-1.40796373095376,0.508626069408653,-2.76817059847269,0.00563719389073609,0.0205537192888567
"TMEM102_KV575245.1_55892_58136",209.083842217609,-1.56356370797098,0.199483691103631,-7.8380528218656,4.57586536045185e-15,8.3479842717357e-14
"TMEM102_chr17_7435435_7437679",209.083842217609,-1.56356370797098,0.199483691103631,-7.8380528218656,4.57586536045185e-15,8.3479842717357e-14
"TMEM121B",39.9920652150385,-1.51508239652082,0.305500005229394,-4.9593530952092,7.07283094875052e-07,5.3520293009149e-06
"TMEM131L",487.017835611188,-9.06144899912237,0.845002897662416,-10.7235715098606,7.88967000522706e-27,3.62596919495582e-25
"TMEM154",2078.3681429008,-1.27655220232879,0.0962066741274815,-13.2688528514899,3.50911422207257e-40,3.00456847131911e-38
"TMEM191A",143.194300877783,-1.21714910615335,0.471667714632787,-2.5805224067561,0.00986509541282142,0.0334327148382629
"TMEM234",265.730263209328,-1.76469706882805,0.353670675338219,-4.98966182915915,6.0485084954848e-07,4.62154128687624e-06
"TMEM238",406.075481127562,-1.05303036191853,0.187253372904772,-5.62355884747696,1.87062998081877e-08,1.73903730607322e-07
"TMOD3",152.889985070059,-5.80257398136389,1.19334877563146,-4.86242924101837,1.15953834965204e-06,8.43594162413753e-06
"TRIB1",6576.60485289782,-1.53831912562596,0.0655624221075794,-23.4634273136185,9.64199627459865e-122,8.93111818562597e-119
"TRIB2",3476.5409184228,-1.19350882564688,0.17123316916318,-6.97007963748836,3.16761624268849e-12,4.43266534556197e-11
"TRIM59",716.213663393379,-2.97487860144372,1.16357911063168,-2.55666209049485,0.0105681821776693,0.035484991994817
"TRIM7",1271.63161694739,-1.03317947109494,0.253222629822692,-4.0801229803923,4.50118804811839e-05,0.000258017468479765
"TSPAN19",64.1311610070196,-1.06098925940675,0.293126965832214,-3.61955528859145,0.000295109754005451,0.00146712529083266
"TUBD1",810.322259103414,-1.23372879636703,0.136129117712907,-9.06293096653234,1.26991404919198e-19,3.51130373058808e-18
"TUBGCP5_KI270906.1_1630_4406",25.6188514755085,-1.0315179417919,0.335995359280867,-3.07003627669046,0.002140327721835,0.00874235283935733
"UBE2I",1303.04234221884,-3.07888642310744,0.724953608001132,-4.24701165581705,2.1664069315085e-05,0.000130188854173636
"USP24",183.572761806869,-4.13318246657281,1.13692472828694,-3.63540554949533,0.000277543668855495,0.00138826334902731
"WASHC1",274.907652285156,-1.60352987263391,0.50238963159269,-3.19180526785625,0.00141386618658979,0.00599246363359543
"WDR37",325.400338639726,-1.78555437988315,0.599435240808694,-2.97872773958747,0.00289447841723431,0.0114132510035605
"WEE1",2732.11007013849,-1.49703106205997,0.0888295767340358,-16.852844706693,9.99872259993616e-64,2.1447786225421e-61
"YPEL3",404.900245223055,-1.05618153569697,0.209139284185846,-5.05013460196425,4.4149885969377e-07,3.44871151992997e-06
"ZC3H11A",21.1233823900786,-2.6739785980738,0.652606492829762,-4.09738276810454,4.17847660687578e-05,0.000240398069720256
"ZFAND4",224.919619914909,-1.11989338845704,0.185551419240336,-6.03548813068628,1.5848287888163e-09,1.66386610296231e-08
"ZNF181",228.460605854633,-1.01288934605783,0.378001846191214,-2.67958835720992,0.00737127463327256,0.0260287358303289
"ZNF273",265.881719868894,-1.31782194057662,0.375073432160322,-3.51350383040013,0.000442238037456395,0.00210559035684262
"ZNF433",14.4760051908018,-1.40509212919801,0.55595498109931,-2.52734875478527,0.0114927313428883,0.03809970380761
"ZNF514",161.685219381141,-1.95780556647277,0.797368951503411,-2.45533208031413,0.0140754495257327,0.0454059696747475
"ZNF771",864.448641326017,-2.33653145455478,0.355061827080862,-6.58063265703483,4.68450657857421e-11,5.77850333281993e-10
"ZNF786",393.469226792572,-1.1425510311324,0.392792451297975,-2.90879070449765,0.00362829672557103,0.0139137054335127
"ZNF805",983.103058647265,-1.17014509619329,0.360700444291594,-3.24409108641778,0.00117826060885126,0.00509995639064802
"ZNF823",603.828529034945,-1.19537087766462,0.274140310520718,-4.36043453585524,1.29804412870579e-05,8.06695433204226e-05
"ZWILCH",119.007985936172,-5.37185806299345,0.859150973586581,-6.25251932214926,4.03883756367546e-10,4.51968324396368e-09
"AC008543.5",2.79688416672118,-3.18445020299823,1.20646276957762,-2.63949313919825,0.00830301038361934,0.0288882953043187
"AC068338.3",6.82545014627892,-1.77656697719944,0.732173474973966,-2.42642903345086,0.0152482321983062,0.048566501365596
"AC106886.3",9.80963601580448,-2.69396923953191,1.03480248713473,-2.60336564032742,0.00923134431660858,0.0316587570656092
"AC107214.1",51.5032383304946,-3.04104740512459,0.950935559412354,-3.19795318938736,0.00138406745447715,0.0058796178001533
"AC116049.1",213.274533982662,-5.36959186291938,1.75563348625449,-3.05849250709782,0.00222453642168038,0.00904100582389367
"AL139424.1",14.6549251749572,-5.79297626583987,2.38061727209,-2.43339252124055,0.0149580755016078,0.0477692622742148
"AL365232.1",48.7098843133784,-3.2280139297273,1.26362340466021,-2.55456959551593,0.0106319173069565,0.0356754834317733
"AL390961.3",3.55113541557416,-3.01382242863766,1.19061741322021,-2.53131055801234,0.0113637184321107,0.0377211034711763
"ANKRD19P",51.81603584884,-3.3547535503394,1.38860084501224,-2.41592359848364,0.0156953542694548,0.0497340894577748
"AOC3",22.3319309329376,-6.41537281228687,2.55019414900039,-2.51564094239708,0.0118816159795564,0.0392166456804988
"AP001065.3",3.52527734489559,-4.35753739877934,1.32882450738827,-3.27924219831243,0.00104086262950713,0.00456733390699748
"AP002495.1",12.9892044324712,-3.12315724966656,1.24883203687539,-2.50086253190684,0.0123891257959213,0.040628517133776
"AXIN2",355.411246860086,-4.21859337961249,1.62518412601154,-2.59576334280694,0.00943810469400426,0.0322646699302833
"BDKRB1",4.44017436591804,-2.44702671960024,0.939570574192332,-2.6044097024896,0.00920326683984636,0.0315943685415076
"BEGAIN",57.8407759199706,-6.87802994516813,1.51658941130452,-4.53519581100851,5.75500677065996e-06,3.79778264159678e-05
"C4BPB",10.4011829004066,-4.28514381114943,1.21680171541701,-3.52164511017381,0.000428877870742875,0.00204964194418347
"CCDC183",14.477524821384,-3.3252704295141,1.2870927620266,-2.58355149498182,0.00977888677808181,0.0331847052062866
"CDH6",98.0770227400447,-4.30147827876268,1.38874659010328,-3.0973817033407,0.00195238302420692,0.00803101761552052
"CHRM4",18.3794907909317,-2.84147963648409,0.794353675576335,-3.57709635374002,0.000347432132372687,0.00170150732840438
"CUL7",416.767367961927,-9.34659086421582,3.58936508675496,-2.60396773198287,0.00921514323001514,0.0316244844629923
"FERMT3",6.14405837925218,-3.17185068325245,1.23301327099193,-2.57243839776417,0.0100984925745525,0.0341369553804797
"FGFBP1",59.0120466075063,-3.36063994321356,1.09547428443568,-3.06774881981347,0.00215677821887057,0.00880072618024521
"GRAMD1C",30.5702938513974,-5.04255739103823,1.70257001433825,-2.96173276198462,0.0030591317177964,0.0119744498934412
"HOXA1",21.7796822846715,-2.52141937040088,0.865796210669228,-2.91225503106778,0.00358829533402556,0.0137732684717975
"ISL2",7.8529559613277,-2.6730027944992,1.04307760403083,-2.56261162560653,0.0103888186233341,0.034974945631307
"KRT6A",454.950744582646,-7.63988298206903,0.425452589168729,-17.9570724836726,4.22512012801453e-72,1.14799330624907e-69
"LGALS8-AS1",19.3958901036341,-5.11843551969039,0.918359228220936,-5.57345683737063,2.49733548702409e-08,2.28619508331432e-07
"LINC01436",20.9856717182186,-4.86544110859545,1.59510565347508,-3.05023124831616,0.0022866522811512,0.00926043498196932
"LRRC46",69.1259316278878,-4.32627882886029,0.583596048363989,-7.41313934696485,1.23344163969111e-13,1.99643159123316e-12
"LY6G5C_GL000251.2_3153975_3161330",7.95394699305746,-1.92980360877713,0.746941259685379,-2.58360826069508,0.00977727764003785,0.0331847052062866
"LY6G5C_GL000252.2_2924456_2931813",7.95394699305746,-1.92980360877713,0.746941259685379,-2.58360826069508,0.00977727764003785,0.0331847052062866
"LY6G5C_GL000253.2_2981731_2989087",7.95394699305746,-1.92980360877713,0.746941259685379,-2.58360826069508,0.00977727764003785,0.0331847052062866
"LY6G5C_GL000254.2_3018556_3025912",7.95394699305746,-1.92980360877713,0.746941259685379,-2.58360826069508,0.00977727764003785,0.0331847052062866
"MSTRG.23879",36.4463967285907,-5.09637155886701,1.37908957846458,-3.69546085943242,0.000219488293032418,0.00111802258286164
"OMA1",9.42200780693404,-3.26149399955785,1.2853605925389,-2.53741558477034,0.0111674296898889,0.0371906981893375
"OXTR",65.6785424088087,-6.57377633361468,1.49290744790762,-4.40333815925973,1.06597812158615e-05,6.71691470676638e-05
"PCDHGA8",4.95004660138633,-3.00344619826943,0.999955768533631,-3.00357905097521,0.00266824221045992,0.0106239624393811
"PCYT1A",472.825537578726,-6.96756760140086,2.81024180792216,-2.47934806953589,0.0131622791335588,0.0428399495581633
"PPIHP1",4.34349669789014,-2.44515857277558,0.909589378186553,-2.68820044672299,0.00718382588051453,0.0254462026409047
"RAB11FIP2",419.847448147171,-9.9238470566478,0.844372958691362,-11.7529190797727,6.82207452408976e-32,4.14985775080302e-30
"SPTBN5",4.96894883652135,-3.16926459556686,1.28829593817705,-2.46004392441957,0.0138920012426738,0.0448567899418804
"ST20-MTHFS",52.3836301073304,-4.06697945883103,0.515009825448191,-7.89689683161232,2.8593285173471e-15,5.36038606499533e-14
"STEAP3",2329.5892248632,-6.1415631852182,1.54948313942163,-3.96362053188307,7.38215643264587e-05,0.000408343061304173
"TNFRSF11B",33.1817058299356,-4.52622687949,1.09752276793201,-4.12403916505393,3.72285549446226e-05,0.000216076187029769
"TNFSF12-TNFSF13",5.79191820018674,-5.09156266713519,1.50758517447855,-3.37729685415372,0.00073202002198995,0.00332081567411202
"USP49",57.2687528651495,-6.98848299934045,2.54704532993487,-2.74376074787768,0.00607397886501975,0.0219693896541307
"ZBTB47",14.0653532404114,-3.64278874651297,1.28585082004866,-2.8329792925552,0.00461163732967872,0.0172654685842721
"ZNF10",85.3222508039795,-4.27513330933546,1.49249454451467,-2.86442139775167,0.00417771824570868,0.0157958985683412
"ZNF641",24.2441554132415,-6.40119461846941,1.68035846315206,-3.80942207203925,0.000139291999523411,0.000735360716654939
"AC010536.3",3.52556238612401,-3.46948460700778,1.15374580187167,-3.00714819623126,0.00263711167834249,0.0105136729506835
"AL441963.1",3.20207766822458,-3.31403582590749,1.1614688834277,-2.85331434461438,0.00432658004731205,0.0163060936201452
"DPYD",177.889391847102,-6.5219398647088,1.45586146984585,-4.47978052843128,7.47198283610897e-06,4.82459018486149e-05
"EN2",23.8422209401426,-4.0342102834065,1.58077290663889,-2.5520492326657,0.0107091384879416,0.0358873251286424
"MRLN",2.89103922450779,-4.03504204492497,1.30758455515854,-3.08587466027062,0.00202954355166463,0.00832153692068848
"MSTRG.21911",15.183230607697,-4.68832470915093,1.49484906853058,-3.13631978495294,0.00171082545657267,0.00712366186228806
"PCDHGA12",16.9269263679192,-6.62084051745967,2.00021144227652,-3.31007031432849,0.00093272537219107,0.00414097551950101
"PRSS3P4",3.24405256649413,-4.20692817943041,1.30512857667218,-3.22338216680326,0.00126686408825625,0.00543040731815017
"AADACL2-AS1_chr3_151751443_151928175",183.840166086048,-11.0582763043277,1.23233599958224,-8.97342632859587,2.87431023502675e-19,7.70693341702305e-18
"AARD",16.6431756599196,-7.59303447783357,2.98030174240265,-2.54774017335313,0.0108423191154156,0.0362680201795699
"ABHD15-AS1",33.152979465845,-8.58729250174781,3.0605058531939,-2.80584090136153,0.00501854645591813,0.018563793733654
"AC005534.1",19.0104275339497,-7.78490166410525,2.99796216021227,-2.59673112870579,0.00941155628289331,0.0321922909306975
"AC008758.3",19.8286640357711,-7.84627017405343,1.40712942933488,-5.57608277567058,2.45994908279342e-08,2.25602351076347e-07
"AC009093.3",11.6190009201488,-7.07304376968914,1.33555939511888,-5.29594100834398,1.18405061389518e-07,9.87257913664321e-07
"AC078883.1",110.767244816396,-10.3275016016619,3.05858717560504,-3.3765595056544,0.000733984934184019,0.00332824766105962
"AC079331.2",5.57116141042889,-6.01765935000006,1.52770805492169,-3.93901133833357,8.181806405818e-05,0.000449646307814884
"AGBL3",20.5171222539337,-7.89504892991599,3.03915782622985,-2.59777523292036,0.00938298901875897,0.0321085726657045
"AL136981.3",14.4573225859369,-7.39010129794368,2.99166324878453,-2.47023166826887,0.0135025576174516,0.0437587657646993
"AL391684.1",28.2526150530657,-8.35759246242769,1.24096627647606,-6.7347458354473,1.64216734809034e-11,2.1293639827664e-10
"AL591135.2",168.117276543225,-10.9294477707424,3.01455892285664,-3.62555453398983,0.000288342037338859,0.00143593207157656
"ALG12",138.55698423595,-10.6504580752774,3.03490123627602,-3.5093260854663,0.000449243752662293,0.00213542399143289
"ANGPT1",60.1110507321638,-9.44561492389236,2.08593316596,-4.5282442784044,5.9475801771617e-06,3.91093219910297e-05
"BCHE",94.4808676133365,-10.0981539995345,1.25722389460021,-8.03210473719606,9.58145181433949e-16,1.88466047367384e-14
"BOLA3-AS1",19.0238478156859,-7.78504705869361,1.48883278430925,-5.2289599884822,1.70466249140254e-07,1.39564532944158e-06
"C4orf47",26.2248054380067,-8.24864336806105,1.49241844757032,-5.5270312300749,3.25695002395279e-08,2.93543244529455e-07
"C6orf52_KZ208911.1_182302_205681",4.7188217530782,-5.77068997504348,1.47368742326523,-3.91581680344224,9.00986462844526e-05,0.000491980743807327
"C6orf52_chr6_10671418_10694797",4.7188217530782,-5.77068997504348,1.47368742326523,-3.91581680344224,9.00986462844526e-05,0.000491980743807327
"C8G",7.06033876955348,-6.35593437714821,2.0808813761986,-3.05444339588418,0.00225478559510881,0.0091420654311833
"DAGLA",134.882648856169,-10.6116995327524,3.04141544155399,-3.48906610644761,0.000484711261348641,0.00228538780281412
"DCAF12L2",2.81117084809912,-5.02167612298753,1.61102769356619,-3.11706381152982,0.00182662029943484,0.00756254946401527
"DDX11L2",12.2194295898222,-7.14743465670524,2.9257548208719,-2.44293698354917,0.014568280821985,0.0466698777185036
"DDX12P",158.346969678256,-10.8428380845035,1.23197119483084,-8.80121071823622,1.35347940269066e-18,3.44334622572162e-17
"DIP2C",352.972949660596,-11.9995750728834,2.37679484109303,-5.04863729313932,4.44972633829173e-07,3.46894351984195e-06
"EGFL8_GL000254.2_3506604_3510302",3.60719242284117,-5.38812636502292,1.31527083151412,-4.09659078261487,4.19279109239149e-05,0.000241017480622719
"EOMES",153.048631802029,-10.7944465575584,1.19769109417077,-9.01271338669513,2.01020111104001e-19,5.44009007181586e-18
"ETV2",13.3534913466521,-7.2753554052591,2.9429678585442,-2.47211514190916,0.0134316247830375,0.0435774000682594
"FZD9",3.5001134602064,-5.33982290385766,1.61412706560182,-3.30818001733137,0.000939044269296359,0.00416721344070584
"HEY2",28.3637702699475,-8.36238955678036,1.23706113121792,-6.75988384547124,1.3810241261909e-11,1.80169716027646e-10
"ID2-AS1",15.9597902503948,-7.53263782760408,2.97704201828768,-2.53024236182487,0.0113983761645121,0.0378170982649228
"KCNJ14",61.0992025245351,-9.46950545886456,1.49895764905879,-6.31739360001969,2.66011463991808e-10,3.03345361680194e-09
"KIF9-AS1",18.921841661689,-7.77819678855269,2.9974454082936,-2.59494193523301,0.00946069002377699,0.0323364544288037
"KRT6C",4.65146813675672,-5.75312078136755,1.29459744117996,-4.44394573816233,8.83238893287734e-06,5.65106504471505e-05
"LINC00640",4.99801353484728,-5.85662505701975,1.30162299169377,-4.49947880023129,6.81202724719193e-06,4.42369315625485e-05
"LINC01011",86.1559799682108,-9.96565470856071,1.21619003132758,-8.19415917895852,2.52350928772882e-16,5.3289194057345e-15
"LINC01251",3.10097875783781,-5.16803934510858,1.3226433205674,-3.90735677921961,9.33113183051344e-05,0.000507336724765749
"MAGEA4",63.4739300620834,-9.52412222785316,2.17295375167026,-4.38303034315956,1.17039804104519e-05,7.33180795586191e-05
"MBNL3",7.41926373166413,-6.42999522764813,1.56384598330639,-4.11165504550097,3.92832932000411e-05,0.000227419019554102
"MICA_GL000253.2_2708377_2724826",44.1930595183493,-9.0013326321726,1.22525913957963,-7.34647254723668,2.03505997870703e-13,3.22476300513934e-12
"MSTRG.11259",57.0087990703057,-9.36928099868026,3.09935336475635,-3.02297927858794,0.00250299381560247,0.0100464857148606
"MSTRG.12323",46.0028333385622,-9.05970091585466,3.25282319111774,-2.78518086706753,0.00534978728600761,0.0196570438720272
"MSTRG.1316",127.745204202293,-10.5337581836968,1.20486793230664,-8.74266623025696,2.27672539095222e-18,5.68567524715984e-17
"MSTRG.13623",125.53115265128,-10.5085156171273,1.20572260267791,-8.71553340195163,2.89392864190215e-18,7.20054674782442e-17
"MSTRG.15083",210.854134422152,-11.2562188436159,2.99119670512253,-3.76311555316278,0.000167809615323638,0.000872130665918157
"MSTRG.17098",25.4383367386089,-8.2047853844244,1.64415344747155,-4.99027958554724,6.02919624267751e-07,4.60851316703985e-06
"MSTRG.19318",36.9254779396668,-8.74276054999662,3.10640754829028,-2.8144280536559,0.00488641142084443,0.0181541097418355
"MSTRG.20171",152.780835101614,-10.7914226580341,3.04765961700681,-3.54088842396144,0.000398782177982688,0.0019238596645197
"MSTRG.22311",83.6414151463456,-9.92227360759389,3.09464391318189,-3.20627312413204,0.00134466292809144,0.00573014244011863
"MSTRG.24025",28.2430604676884,-8.35607547030112,3.04636725223487,-2.74296392339793,0.00608873744778693,0.022014955945884
"MSTRG.2479",40.529294291686,-8.8771212202547,3.10584939061896,-2.85819436289073,0.00426059332617484,0.01607523991868
"MSTRG.2566",127.307561729075,-10.5283092505335,3.03771848623389,-3.46586074326667,0.000528536956092574,0.00247712191611188
"MSTRG.25850",84.2487060156828,-9.93271853964657,3.0715259265763,-3.23380585972072,0.00122152460180324,0.00526322460029093
"MSTRG.25965",29.0355777052387,-8.39601566978381,3.12098077910513,-2.69018499761192,0.00714124187026259,0.0253173672289859
"MSTRG.26502",111.405629462693,-10.3358297179893,3.13981077579871,-3.29186389117991,0.000995257667521795,0.0043870561861906
"MSTRG.26589",323.926142465026,-11.8755239110619,3.90690635893879,-3.03962337973402,0.00236874157293979,0.00956224559694275
"MSTRG.27082",36.4596898044018,-8.72447628377101,3.11256198158106,-2.80298877111495,0.00506314321260046,0.0187049913680878
"MSTRG.28412",92.3614799492713,-10.0653509686644,3.06594478080226,-3.28295246270892,0.00102725986803467,0.00451444934026535
"MSTRG.2953",14.3792739701936,-7.3820092862554,2.97889852695587,-2.47810028420104,0.0132084014875826,0.042962618597599
"MSTRG.3262",16.3141337394376,-7.56413178028396,3.00511601725968,-2.51708477704018,0.0118330353010907,0.0390879548331378
"MSTRG.3303",19.2259805944772,-7.80016059698314,1.47265204535728,-5.29667589949312,1.17929735531191e-07,9.84099979793046e-07
"MSTRG.3686",110.398583281061,-10.322415745329,1.247242681466,-8.27618866698512,1.27180435094807e-16,2.76593693315046e-15
"MSTRG.5276",558.268722152468,-12.6609596450854,2.6082709812082,-4.85415807494842,1.20899272329057e-06,8.7613277792373e-06
"MSTRG.5764",71.1791603535626,-9.68998804123096,1.26309069035169,-7.67164869098427,1.69799487831807e-14,2.95488809823788e-13
"MSTRG.6164",45.3890615485717,-9.0402368338136,1.28683247903579,-7.02518546981918,2.13782078086979e-12,3.04009154728294e-11
"MSTRG.8672",303.437079052075,-11.7812557834132,3.90691592492955,-3.01548740996409,0.00256566590238495,0.0102636709381234
"MSTRG.8811",182.999762444985,-11.0518228582104,3.02616708539808,-3.652086136135,0.000260118599545118,0.00130849094582335
"MYNN",341.29283017967,-11.9508688476768,3.90689915014396,-3.05891408720813,0.00222140844740501,0.00903189571851941
"NPIPB11",44.9036607337644,-9.02497938785338,1.24549176436974,-7.24611727354159,4.28888793016672e-13,6.51259003285674e-12
"PLA2G4A",192.577831446384,-11.1252664497045,1.22603329958813,-9.07419598916428,1.14519847545414e-19,3.19245616043838e-18
"RAB6B",75.3301037143345,-9.77101254440469,1.24099185025375,-7.8735509362183,3.44714644426952e-15,6.38599547648402e-14
"RHBDL2",30.7257543707355,-8.47752498130248,3.05697937749313,-2.77317048447166,0.00555130294935006,0.0202877423783816
"RNF168",453.15759603436,-12.3598600803719,3.90686595852863,-3.16362532310343,0.00155817250067065,0.00654689468426112
"RTL9",16.0040831865252,-7.5366123052189,2.9740335964882,-2.53413825389137,0.0112724247601264,0.0374638371912306
"SERPINB2",461.486280660177,-12.3863960199024,1.18556398160515,-10.4476824634401,1.5014944590474e-25,6.11949081729357e-24
"SLC16A14",64.2077757570624,-9.54140359181927,1.3669003842219,-6.98032109871024,2.94506169422019e-12,4.13038315243076e-11
"SPINK6",15.6986582700058,-7.50732130024277,1.40382726583547,-5.34775287739899,8.90529410294155e-08,7.57396006801932e-07
"TLCD4-RWDD3",25.0906275880247,-8.18538246917525,3.14390221709737,-2.60357412665731,0.00922573149016132,0.0316501609943615
"TNFRSF19",167.058902797564,-10.9203279787467,3.01688841193087,-3.61973215037063,0.000294908126465646,0.00146648067377182
"TRBC2_KI270803.1_824014_825718",3.29615225716325,-5.25490233206388,1.59324107531519,-3.29824683375322,0.000972905686610201,0.00429410268177229
"TRBC2_chr7_142801041_142802748",4.51718030985699,-5.70727893999777,1.34678135622544,-4.23771751340047,2.25803622414302e-05,0.000135375881658095
"VGLL3",127.184589205583,-10.526829168971,1.47032583694766,-7.15952131455727,8.09592571585312e-13,1.19897364998296e-11
"VWA1",17.5803724112004,-7.6720317376626,2.99510929815201,-2.56151978907624,0.0104215303957861,0.0350619029891579
"WNT5B",280.099912433247,-11.6658017326606,3.90692852515242,-2.98592658083128,0.00282720511891945,0.0111826059614403
"XPO5",22.025900119383,-7.9971043352343,3.29934570243784,-2.42384553074428,0.0153571361135254,0.0488904420748977
"ZNF221",13.1601462715786,-7.25433318105327,2.93997634649166,-2.46748011755606,0.0136067777657083,0.0440334948879789
"ZNF442",14.8278394055318,-7.42648053793023,2.96114155337674,-2.50797890072544,0.0121423917333518,0.0399286200971831
"AL022323.1",18.3442492310678,-7.73323337623253,3.0062428468069,-2.57239144350777,0.0100998624546906,0.0341369553804797
"CERS1",20.01784704352,-7.85917855074955,3.04012776484179,-2.58514745387964,0.00973373597026808,0.0330976258304894
"COLCA1",152.848749265313,-10.7920254904763,3.26675486143851,-3.30359208089587,0.000954546155300682,0.00422588345703178
"CTAG1B",16.8946533586029,-7.61440518755004,3.1079556569909,-2.44997227371071,0.0142867215403592,0.045942056422509
"GUF1",995.181735868284,-13.4947768397734,3.9068108031242,-3.45416697142893,0.000551995502252832,0.0025746313446803
"HSD17B6",22.912681756521,-8.05408873853863,3.03702048189406,-2.6519705041685,0.00800235322414951,0.0279951852363466
"KLK4",22.7919667226696,-8.04641806944354,3.19724095364274,-2.51667552934224,0.0118467873307249,0.0391206987887721
"LRRC8B",346.846576732295,-11.9741421391953,3.90689699845923,-3.06487274783993,0.00217762628882552,0.0088715850687098
"MSTRG.22778",21.0727388854052,-7.93328047448457,3.04208694726122,-2.60784146279148,0.00911151433115124,0.0313215990283738
"MSTRG.3496",123.156026328418,-10.4804321509934,3.0544854290866,-3.43116128536498,0.00060100315558551,0.00277526451496069
"MSTRG.7180",120.8753317062,-10.4534581348971,3.0788932858404,-3.39519988658645,0.000685785127861232,0.00313058452857441
"PIGW_KI270857.1_769924_774214",161.784024079442,-10.8740169532428,3.02950182283105,-3.5893746197126,0.000331472210074223,0.00162804904577523
"SLC52A3",16.3298737809958,-7.56535189158022,3.04689234758342,-2.48297315052188,0.0130290907701851,0.0424800867130767
"TEAD3",123.570844735802,-10.4852789408112,3.06624341581475,-3.41958465747739,0.000627168141250638,0.002886276509125
"TMX4",619.094141794405,-12.8099890253275,3.90683881601936,-3.27886294484488,0.00104226241720898,0.00457150743389679
